date,weight_lbs,weight_7d_avg,weight_30d_avg,body_fat_pct
2019-11-29,251.0,251.0,251.0,
2020-02-25,240.0,240.0,240.0,
2021-06-21,313.0,313.0,313.0,
2022-03-26,336.0,336.0,336.0,
2022-07-08,328.9,328.9,328.9,49.5
2022-07-09,324.5,326.7,326.7,
2022-07-10,325.2,326.2,326.2,
2022-07-11,326.7,326.3,326.3,
2022-07-13,327.0,326.5,326.5,
2022-07-16,325.6,326.1,326.3,
2022-07-17,326.7,326.5,326.4,
2022-07-19,327.8,326.8,326.6,
2022-07-29,327.2,327.2,326.6,
2022-08-06,326.5,326.5,326.6,
2022-08-11,328.25,327.4,327.0,
2022-08-30,331.4,331.4,328.7,
2022-09-09,331.8,331.8,330.5,
2022-10-08,332.0,332.0,331.9,
2022-11-01,331.8666666666667,331.9,331.9,
2022-11-08,334.4,334.4,333.1,
2022-11-20,332.5,332.5,332.9,
2022-11-27,332.0,332.0,332.7,
2022-11-28,331.8,331.9,332.5,
2022-11-30,332.0,331.9,332.4,
2022-12-05,335.1,333.6,333.0,
2022-12-06,334.9,334.0,333.2,
2022-12-11,336.4,335.5,333.5,
2022-12-12,336.9,336.1,334.0,
2022-12-17,333.1,335.5,333.9,
2022-12-18,332.2,334.1,333.7,
2022-12-26,332.0,332.0,333.6,
2022-12-30,332.0,332.0,334.1,
2022-12-31,331.1,331.7,333.7,
2023-01-25,332.9,332.9,332.0,
2023-02-03,331.1,331.1,332.0,
2023-02-24,331.4,331.4,331.2,
2023-03-17,334.0,334.0,332.7,
2023-05-12,330.7,330.7,330.7,
2023-06-29,325.6,325.6,325.6,
2023-07-01,322.3,324.0,324.0,
2023-07-02,320.6,322.8,322.8,
2023-07-06,317.5,320.1,321.5,
2023-07-08,316.6,318.2,320.5,
2023-07-09,315.0,316.4,319.6,
2023-07-10,313.9,315.8,318.8,
2023-07-11,313.1,315.2,318.1,
2023-07-14,313.7,314.5,317.6,
2023-07-19,307.8,310.8,316.6,
2023-07-22,310.2,309.0,316.0,
2023-07-23,309.85,309.3,315.5,
2023-07-25,311.5,309.8,315.2,
2023-07-26,309.5,310.3,314.8,
2023-07-27,308.9,310.0,314.4,44.7
2023-07-28,308.6,309.8,314.0,
2023-08-02,306.7,308.1,311.6,
2023-08-05,304.7,305.7,310.7,
2023-08-08,302.9,304.8,309.3,
2023-08-11,302.7,303.4,308.1,
2023-08-13,303.6,303.1,307.2,
2023-08-19,299.2,301.4,306.5,
2023-08-21,298.1,298.6,305.5,
2023-08-22,296.7,298.0,304.4,
2023-08-23,296.5,297.6,303.8,
2023-08-25,294.1,296.9,301.9,
2023-08-26,294.8,296.0,300.7,
2023-08-27,294.3,295.8,299.5,
2023-08-28,295.0,295.2,299.2,
2023-08-29,294.8,294.9,298.9,
2023-08-30,293.0,294.3,298.5,
2023-08-31,293.4,294.2,298.2,
2023-09-02,295.5,294.3,297.5,
2023-09-03,293.2,294.2,297.2,
2023-09-04,294.3,294.0,296.6,
2023-09-06,294.8,294.2,296.5,
2023-09-07,292.3,294.0,295.9,
2023-09-11,290.8,292.6,295.2,
2023-09-12,290.8,292.2,294.5,
2023-09-15,293.45,291.7,294.5,
2023-09-16,292.6,291.9,294.4,
2023-09-17,293.4,292.2,294.3,
2023-09-20,294.1,293.4,293.9,
2023-09-21,293.2,293.4,293.7,
2023-09-25,292.8,293.4,293.4,
2023-09-26,291.2,292.8,293.3,
2023-09-27,292.6,292.4,293.1,
2023-10-03,292.3,292.5,292.8,
2023-10-07,292.1,292.2,292.4,41.7
2023-10-21,289.7,289.7,291.8,
2023-10-23,288.8,289.2,291.4,
2023-10-28,287.0,287.9,290.0,
2023-11-05,287.7,287.7,289.1,
2023-11-11,286.4,287.0,287.9,
2023-11-19,287.9,287.9,287.9,
2023-11-25,288.6,288.2,287.5,
2023-11-26,289.5,289.0,287.8,
2023-11-29,289.7,289.3,288.3,
2023-12-04,288.6,289.2,288.3,
2023-12-11,289.5,289.5,289.0,
2023-12-19,286.2,286.2,288.7,
2023-12-23,288.6,287.4,288.7,
2023-12-25,285.1,286.6,288.2,
2023-12-28,285.7,286.5,287.6,
2024-01-04,283.98,284.0,286.5,
2024-01-05,283.1,283.5,286.0,
2024-01-08,283.5,283.5,285.7,
2024-01-11,283.3,283.3,284.9,
2024-01-13,283.7,283.5,284.8,
2024-01-18,285.7,284.7,284.7,
2024-01-24,286.4,286.0,284.4,
2024-01-29,286.8,286.6,284.6,
2024-01-30,286.8,286.7,284.8,
2024-02-02,284.6,286.1,284.8,
2024-02-08,284.0,284.3,285.2,
2024-02-09,285.7,284.8,285.2,
2024-02-16,282.6,282.6,285.3,
2024-02-18,283.7,283.2,285.1,
2024-02-24,283.3,283.5,284.7,
2024-02-28,284.8,284.0,284.4,
2024-03-05,282.6,283.7,283.8,
2024-03-13,282.6,282.6,283.3,
2024-03-14,281.8,282.2,283.1,
2024-03-15,281.8,282.1,282.9,
2024-03-16,281.1,281.8,282.7,
2024-03-18,278.7,281.2,282.3,
2024-03-21,278.2,280.0,281.7,
2024-03-22,277.1,278.8,281.2,
2024-03-23,276.7,277.7,280.8,
2024-03-26,276.5,277.1,280.2,
2024-03-29,275.6,276.3,279.3,
2024-04-02,275.35,275.5,279.0,
2024-04-05,275.4,275.4,278.4,
2024-04-07,273.8,274.8,278.0,
2024-04-10,271.5,273.6,277.6,
2024-04-11,270.7,272.8,277.1,
2024-04-12,271.85,272.0,276.4,
2024-04-14,269.0,270.8,275.1,
2024-04-18,271.2,270.7,274.1,
2024-04-25,275.4,275.4,273.0,
2024-04-26,270.7,273.0,272.8,
2024-04-30,275.8,274.0,272.8,
2024-05-01,267.0,272.2,272.3,
2024-05-02,268.5,270.5,271.7,
2024-05-04,270.3,270.4,271.6,
2024-05-08,269.8,269.5,271.0,
2024-05-19,271.0,271.0,271.1,
2024-06-01,276.7,276.7,272.0,
2024-06-11,277.1,277.1,274.9,
2024-06-15,276.5,276.8,275.3,
2024-06-16,275.4,276.3,275.3,
2024-06-17,274.9,276.0,275.3,
2024-06-18,276.9,275.9,276.2,
2024-06-20,276.7,276.1,276.3,
2024-06-22,275.34,275.8,276.2,
2024-06-23,275.15,275.8,276.1,
2024-06-24,274.9,275.8,276.0,
2024-06-25,274.9,275.4,275.9,
2024-06-26,275.5,275.4,275.8,
2024-06-30,276.5,275.4,275.9,
2024-07-02,275.4,275.8,275.8,
2024-07-07,277.6,276.5,275.9,
2024-07-17,281.1,281.1,276.4,
2024-07-20,277.8,279.5,276.4,
2024-07-22,279.55,279.5,276.8,
2024-07-23,279.6,279.5,277.3,
2024-07-27,281.5,280.2,278.6,
2024-07-28,279.6,280.1,278.7,
2024-07-30,279.8,280.3,279.1,
2024-07-31,279.3,280.0,279.1,
2024-08-01,278.65,279.8,279.4,
2024-08-02,276.9,279.3,279.2,
2024-08-06,277.6,278.1,279.2,
2024-08-07,278.4,277.9,279.2,
2024-08-11,278.9,278.3,279.1,
2024-08-12,276.8,277.9,279.0,
2024-08-14,284.2,280.0,279.3,
2024-08-19,280.2,282.2,279.4,
2024-08-28,281.5,281.5,279.3,
2024-08-29,280.9,281.2,279.4,
2024-09-07,279.3,279.3,280.3,
2024-09-09,284.0,281.6,280.7,
2024-09-14,283.5,283.8,281.6,
2024-09-16,283.1,283.3,281.8,
2024-09-17,282.2,282.9,281.8,
2024-09-20,278.4,281.8,281.6,
2024-10-02,280.6,280.6,281.6,
2024-10-09,279.8,279.8,281.3,
2024-10-14,277.8,278.8,280.3,
2024-10-20,280.2,279.0,279.6,
2024-10-24,279.8,280.0,279.6,
2024-10-30,279.6,279.7,279.6,
2024-10-31,278.4,279.0,279.5,
2024-11-01,276.9,278.3,278.9,
2024-11-02,277.6,278.1,278.8,
2024-11-04,276.2,277.7,278.5,
2024-11-05,276.5,277.5,278.3,
2024-11-06,275.7,276.9,278.0,
2024-11-07,276.0,276.5,277.9,
2024-11-16,275.8,275.8,277.5,
2024-11-23,277.1,277.1,277.0,
2024-11-30,277.3,277.3,276.6,
2024-12-28,277.3,277.3,277.3,
2025-01-10,257.1,257.1,267.2,
2025-01-19,269.0,269.0,267.8,
2025-01-25,267.7,268.4,267.8,
2025-02-01,272.3,272.3,266.5,
2025-02-07,266.7,269.5,266.6,
2025-02-08,265.0,265.8,266.3,
2025-02-09,280.2,270.6,270.2,
2025-02-11,278.4,272.6,271.3,
2025-02-13,274.09999999999997,272.9,271.7,
2025-02-14,263.2,272.2,270.7,
2025-02-23,276.5,276.5,271.6,
2025-02-24,274.7,275.6,272.3,
2025-02-25,260.6,270.6,271.2,
2025-02-28,273.8,271.4,271.4,
2025-03-01,263.6,269.8,270.8,
2025-03-04,262.15,266.5,269.9,
2025-03-05,264.2,265.9,269.5,
2025-03-10,259.6,262.0,269.3,
2025-03-12,260.5,260.0,267.6,
2025-03-14,258.2,259.4,265.9,
2025-03-17,255.8,258.2,264.5,
2025-03-18,255.6,257.5,263.8,
2025-03-21,258.4,256.6,263.4,
2025-03-25,254.9,256.7,261.7,
2025-04-06,258.4,258.4,257.7,
2025-04-15,254.6,254.6,256.3,
2025-04-16,251.8,253.2,255.6,
2025-04-17,250.2,252.2,254.7,
2025-04-19,249.2,251.4,253.9,
2025-04-21,255.0,252.2,253.4,
2025-05-08,246.5,246.5,251.2,
2025-05-11,246.2,246.4,250.5,
2025-05-15,248.6,247.4,249.6,
2025-05-23,244.5,244.5,246.4,
2025-05-24,243.4,244.0,245.8,
2025-05-25,242.8,243.6,245.3,
2025-05-27,241.6,243.1,244.8,
2025-05-28,241.3,242.7,244.4,
2025-05-30,241.0,242.0,244.0,
2025-05-31,276.9,248.7,247.3,
2025-06-01,258.2,251.8,248.3,
2025-06-21,252.0,252.0,249.1,
2025-06-22,276.7,264.4,252.7,
2025-06-24,249.0,259.2,254.6,
2025-06-29,239.1,244.0,258.6,
2025-06-30,278.2,255.4,258.9,
2025-07-03,242.1,253.1,256.2,
2025-07-05,238.2,249.4,253.6,
2025-07-08,237.2,239.2,251.6,
2025-07-11,239.4,238.3,250.2,
2025-07-12,240.1,238.9,249.2,
2025-07-18,240.0,240.0,248.4,
2025-07-25,275.4,275.4,247.7,
2025-08-27,256.0,256.0,256.0,
2025-09-08,249.0,249.0,252.5,
2025-09-16,253.1,253.1,252.7,
2025-09-17,253.3,253.2,252.8,
2025-09-19,248.5,251.6,252.0,
2025-09-20,248.9,251.0,251.5,
2025-09-21,249.3,250.6,251.2,
2025-09-26,250.9,249.7,250.4,
2025-10-13,249.1,249.1,250.4,
2025-10-14,246.5,247.8,250.0,
2025-11-24,254.20000000000002,254.2,254.2,
2025-11-28,248.8,251.5,251.5,
2025-11-30,247.8,250.3,250.3,
2025-12-05,245.8,246.8,249.2,
2025-12-12,242.7,242.7,247.9,
2025-12-15,247.2,245.0,247.8,
2025-12-19,242.7,245.0,247.0,
2025-12-31,239.3,239.3,243.5,
2026-01-02,238.3,238.8,242.7,
2026-01-03,236.2,237.9,241.7,
2026-01-07,235.2,236.6,240.2,
2026-02-03,239.0,239.0,237.1,
2026-02-04,240.1,239.6,238.1,
2026-02-17,231.5,231.5,236.9,
2026-03-21,228.7,228.7,228.7,
2026-03-27,228.1,228.4,228.4,
2026-04-28,233.9,233.9,233.9,
2026-05-01,233.5,233.7,233.7,
2026-05-03,233.2,233.5,233.5,
2026-05-04,234.3,233.7,233.7,
2026-05-11,229.8,229.8,232.9,
2026-05-18,225.8,225.8,231.8,
2026-06-02,223.5,223.5,228.4,
2026-06-17,221.1,221.1,222.3,
2026-07-10,223.3,223.3,222.2,
2026-07-12,224.4,223.8,222.9,
2026-07-15,222.5666666666667,223.4,222.8,
2026-07-16,221.1,222.8,222.5,
2026-07-17,221.1,222.3,222.5,
2026-07-21,222.45,221.8,222.5,
2026-07-22,219.8,221.1,222.1,
2026-07-23,218.5,220.5,221.7,
2026-07-24,219.9,220.2,221.5,
2026-07-25,220.7,220.3,221.4,
2026-07-26,223.79999999999998,220.9,221.6,
2026-07-27,222.66666666666666,221.1,221.7,
2026-07-28,219.5,220.7,221.5,
2026-07-29,220.5,220.8,221.4,
2026-07-31,221.6,221.5,221.5,
2026-08-02,226.0,222.1,221.7,
2026-08-03,223.1,222.1,221.8,
2026-08-04,221.6,222.6,221.8,
2026-08-09,220.9,221.9,221.7,
2026-08-13,221.1,221.0,221.5,
2026-08-16,222.0,221.6,221.5,
2026-08-18,222.9,222.0,221.6,
2026-08-20,220.4,221.8,221.5,27.3
2026-08-21,220.4,221.4,221.5,27.3
2026-08-26,218.6,219.8,221.4,27.3
2026-09-02,217.2,217.2,220.6,
